{
    "loss": 2.375373277068138,
    "accuracy": 0.545138888888889
}