{
    "loss": 0.07090361416339874,
    "accuracy": 0.9722222089767456
}