{
    "loss": 5.7270965576171875,
    "accuracy": 0.3402777910232544
}